{"cameraMode":{"drawMode":0,"name":"Shaded","section":"Shading Mode"},"sceneLighting":true,"audioPlay":false,"sceneViewState":{"m_AlwaysRefresh":false,"showFog":true,"showSkybox":true,"showFlares":true,"showImageEffects":true,"showParticleSystems":true,"showVisualEffectGraphs":true,"m_FxEnabled":true},"in2DMode":false,"pivot":{"x":-14.210319519042969,"y":2.5904688835144045,"z":36.69681167602539},"rotation":{"x":-0.07197122275829315,"y":0.2172422856092453,"z":-0.016064681112766267,"w":-0.9733248353004456},"size":33.248138427734378,"orthographic":false}